Construct,Protein,Tile_Number,Tile_ID,Mutant,Activation,Repression
CL109,EBV EBNA2 (B95-8),40,P12978_040_WT,WT,2.955520505,-1.930567648
CL419,EBV EBNA2 (B95-8),40,P12978_040_W444A,W444A,-2.033768014,-2.620459503
CL420,EBV EBNA2 (A876),36,Q69022_036_WT,WT,1.61720237,-2.75199593
CL421,EBV EBNA2 (A876),36,Q69022_036_S409D,S409D,2.749637414,-1.990734935
CL422,EBV EBNA3 (A876),4,Q69138_004_WT,WT,-4.210411099,3.183197998
CL423,EBV EBNA3 (A876),4,Q69138_004_K62Q,K62Q,-2.986502337,-0.994071202
CL424,EBV MTP,55,P03179_055_WT,WT,1.394349371,1.562319949
CL425,EBV MTP,55,P03179_055_W608A,W608A,2.78778352,-0.869133382
CL114,EBV RTA,54,P03209_054_WT,WT,2.485206779,0.781090615
CL426,EBV RTA,54,P03209_054_D584A,D584A,-1.777468578,-1.533927624
CL427,EBV UL95,6,P03220_006_WT,WT,0.245061285,0.012751013
CL428,EBV UL95,6,P03220_006_E83Q,E83Q,-0.65675701,-0.082976632
CL429,EBV UL95,6,P03220_006_F119A,F119A,1.789181135,-0.292832351
CL430,HCMV IE2,4,P19893_004_WT,WT,4.005489992,-3.622014601
CL431,HCMV IE2,4,P19893_004_S49D,S49D,-1.041723318,-3.64055039
CL432,HCMV IE2,4,P19893_004_D52N,D52N,-1.646334895,-2.991161646
CL132,HCMV IE2,17,P19893_017_WT,WT,-3.968731753,2.441144258
CL433,HCMV IE2,17,P19893_017_Q176del5,Q176del5,-3.247086066,-1.54037422
CL331,HCMV RL5A,3,F5HF23_003_WT,WT,-3.452396737,1.393248979
CL434,HCMV RL5A,3,F5HF23_003_W30A,W30A,-2.347632398,-1.057476422
CL435,HCMV UL29,35,C0H677_035_K357R,K357R,-2.571106861,0.550072665
CL436,HCMV UL82,40,P06726_040_E441del5,E441del5,-3.441380992,-0.50471751
CL304,HHV6A/B U95,1,Q89882_001_WT,WT,2.306409359,1.372297833
CL437,HHV6A/B U95,1,Q89882_001_W10A,W10A,-2.726649357,-2.221270451
CL438,HHV7 U84,6,P52534_006_WT,WT,-3.671250643,1.976764234
CL439,HHV7 U84,6,P52534_006_K81Q,K81Q,-2.337687383,-1.790874083
CL333,HSV1 US3,30,P04413_030_WT,WT,-3.440628676,1.144615527
CL440,HSV1 US3,30,P04413_030_K307R,K307R,0.330811275,-1.231044368
CL361,KSHV DBP,107,Q2HRD3_107_WT,WT,-0.292310898,-1.51508945
CL441,KSHV DBP,107,Q2HRD3_107_T1069D,T1069D,1.148615409,-1.085672577
CL442,KSHV DBP,107,Q2HRD3_107_W1068A,W1068A,-2.752507233,-2.785218103
CL443,KSHV DBP,107,Q2HRD3_107_V1073del5,V1073del5,-2.400429618,-2.863785655
CL131,KSHV KbZIP,21,Q2HR82_021_WT,WT,-3.533667345,2.725806189
CL444,KSHV KbZIP,21,Q2HR82_021_R265A,R265A,-2.499561795,-0.167256568
CL445,KSHV ORF10,14,Q2HRC9_014_WT,WT,1.777669922,-2.5529457
CL446,KSHV ORF10,14,Q2HRC9_014_F191A,F191A,-1.947274118,-2.267630002
CL447,KSHV ORF10,14,Q2HRC9_014_T196D,T196D,3.291883361,-2.29713016
CL448,KSHV VIRF2,31,Q2HR71_031_WT,WT,3.464731538,0.889744915
CL449,KSHV VIRF2,31,Q2HR71_031_L321del5,L321del5,-0.230056618,-1.996670139
CL450,KSHV VIRF3,25,F5HIC6_025_WT,WT,-3.542332085,2.275742617
CL451,KSHV VIRF3,25,F5HIC6_025_E271del5,E271del5,-2.153601174,-1.099456579
CL452,KSHV VIRF4,32,Q2HR73_032_WT,WT,0.73357021,-1.248792996
CL116,KSHV VIRF4,62,Q2HR73_062_WT,WT,3.07921924,-2.187998965
CL453,KSHV VIRF4,62,Q2HR73_062_W671A,W671A,-2.496570186,-2.329385542
CL113,VZV VP16,1,P09265_001_WT,WT,2.62740597,-2.336212285
CL454,VZV VP16,1,P09265_001_F33A,F33A,-2.366919766,-2.125099762
CL144,Human MYBA,1,fiducial_025,WT,3.169985962,0.636981787
JT151,Human KRAB,1,fiducial_096,WT,-5.227329384,5.470582133
